timestamp,sold_energy_MWh,pumped_volume_m3,supply_temperature_C,return_temperature_C,outdoor_temperature_C
2022-01-01,71.029,1639.70,75.83,33.01,-4.86
2022-01-02,78.701,1788.97,76.47,33.46,-5.53
2022-01-03,77.940,1589.36,78.87,31.83,-8.73
2022-01-04,84.780,1796.50,77.79,31.93,-7.69
2022-01-05,85.561,1755.02,78.68,31.30,-7.82
2022-01-06,80.815,1796.90,76.34,32.54,-5.75
2022-01-07,74.377,1687.92,76.16,33.27,-5.47
2022-01-08,78.746,1754.94,77.00,33.31,-7.24
2022-01-09,72.113,1662.01,76.06,33.93,-4.24
2022-01-10,87.142,1877.66,78.25,33.42,-7.93
2022-01-11,74.054,1635.49,77.46,33.55,-6.89
2022-01-12,73.553,1730.97,76.39,33.76,-3.40
2022-01-13,73.159,1756.70,76.02,35.35,-4.91
2022-01-14,81.250,1774.54,77.73,33.09,-6.57
2022-01-15,84.628,1842.20,77.49,32.95,-7.51
2022-01-16,78.563,1760.54,77.34,32.92,-5.54
2022-01-17,77.239,1714.69,77.84,33.97,-6.98
2022-01-18,84.259,1812.60,79.43,33.39,-8.38
2022-01-19,72.587,1686.31,75.36,33.83,-4.52
2022-01-20,81.920,1723.37,77.89,31.82,-7.07
2022-01-21,84.396,1799.41,77.15,32.13,-6.46
2022-01-22,74.822,1800.58,75.75,34.81,-4.93
2022-01-23,80.865,1881.95,76.66,33.93,-5.29
2022-01-24,69.432,1593.70,75.06,33.59,-2.85
2022-01-25,65.562,1518.37,76.00,33.93,-4.20
2022-01-26,66.684,1571.27,75.78,33.63,-3.12
2022-01-27,85.615,1864.54,77.73,33.09,-7.85
2022-01-28,69.308,1559.17,76.83,33.85,-4.09
2022-01-29,78.081,1791.81,76.33,32.98,-6.09
2022-01-30,70.932,1621.62,76.43,34.03,-3.89
2022-01-31,76.102,1795.66,75.10,33.18,-3.57
2022-02-01,82.029,1867.83,76.59,33.17,-6.83
2022-02-02,71.699,1600.27,76.35,33.10,-5.17
2022-02-03,78.779,1720.90,77.38,32.74,-5.87
2022-02-04,66.020,1484.78,75.40,32.65,-3.41
2022-02-05,71.067,1577.17,76.42,33.17,-3.97
2022-02-06,70.698,1543.52,76.63,32.58,-4.97
2022-02-07,74.511,1712.77,76.04,33.62,-4.89
2022-02-08,76.714,1732.45,77.14,33.33,-5.56
2022-02-09,71.969,1691.01,75.23,33.32,-3.22
2022-02-10,71.095,1646.00,75.91,33.99,-4.90
2022-02-11,69.593,1595.98,74.35,33.21,-2.07
2022-02-12,67.984,1566.00,74.13,31.99,-0.97
2022-02-13,63.889,1557.03,73.45,33.10,-1.73
2022-02-14,68.546,1799.11,73.89,36.10,-2.25
2022-02-15,71.464,1737.81,74.03,34.14,-2.92
2022-02-16,70.191,1719.15,73.93,33.65,-1.96
2022-02-17,73.317,1657.22,75.87,33.34,-3.74
2022-02-18,72.290,1680.01,75.13,33.35,-2.84
2022-02-19,76.589,1825.81,75.07,33.94,-3.27
2022-02-20,70.770,1667.50,74.66,33.02,-2.43
2022-02-21,57.980,1423.47,74.67,34.75,-1.54
2022-02-22,68.672,1694.56,72.73,33.55,-0.55
2022-02-23,59.804,1524.56,72.26,34.22,-0.12
2022-02-24,58.002,1468.30,72.83,34.16,1.07
2022-02-25,66.883,1529.52,75.80,32.71,-3.62
2022-02-26,66.171,1727.85,73.61,35.48,-0.84
2022-02-27,61.002,1539.27,71.95,32.93,0.63
2022-02-28,59.548,1429.55,72.73,31.57,0.58
2022-03-01,64.686,1585.93,73.59,32.69,0.26
2022-03-02,61.183,1473.42,74.35,34.87,0.23
2022-03-03,62.045,1515.96,73.41,33.17,0.59
2022-03-04,66.046,1568.73,73.65,32.71,-1.68
2022-03-05,59.296,1525.79,72.33,33.79,0.82
2022-03-06,50.372,1335.54,71.57,34.38,3.11
2022-03-07,59.846,1582.11,72.75,34.98,0.37
2022-03-08,63.582,1566.37,73.61,33.63,-0.10
2022-03-09,60.783,1586.88,72.33,34.70,2.08
2022-03-10,64.463,1645.12,73.24,34.35,0.12
2022-03-11,57.004,1550.87,71.69,35.65,2.40
2022-03-12,52.768,1335.95,71.28,32.91,3.54
2022-03-13,54.491,1474.55,70.79,34.57,4.44
2022-03-14,49.764,1361.21,70.85,34.56,3.28
2022-03-15,66.046,1663.15,73.49,34.78,-1.54
2022-03-16,59.157,1511.01,72.61,34.31,1.04
2022-03-17,53.304,1495.40,69.28,34.33,5.55
2022-03-18,53.238,1496.93,70.47,35.30,4.43
2022-03-19,51.561,1464.06,69.38,34.55,4.61
2022-03-20,52.314,1454.50,69.81,33.86,3.71
2022-03-21,48.984,1351.68,69.86,34.22,4.79
2022-03-22,49.429,1426.03,68.69,34.15,5.93
2022-03-23,59.551,1594.60,71.20,34.82,3.05
2022-03-24,61.456,1572.29,73.53,35.86,0.32
2022-03-25,50.052,1369.63,69.82,34.32,5.22
2022-03-26,52.857,1418.85,70.34,34.16,4.41
2022-03-27,50.305,1436.39,69.84,35.44,4.50
2022-03-28,43.957,1253.65,68.99,34.52,7.13
2022-03-29,40.663,1202.90,68.41,35.78,7.03
2022-03-30,50.754,1537.39,69.31,36.35,6.06
2022-03-31,47.043,1329.81,68.63,33.66,5.52
2022-04-01,48.940,1262.20,70.56,32.78,3.92
2022-04-02,48.005,1368.00,69.79,35.38,5.41
2022-04-03,41.699,1248.32,68.12,35.53,6.87
2022-04-04,48.459,1286.52,69.66,33.77,4.63
2022-04-05,40.563,1246.66,67.09,34.89,9.42
2022-04-06,43.768,1276.11,67.60,34.27,8.29
2022-04-07,42.223,1252.51,68.22,35.41,7.64
2022-04-08,44.673,1350.96,68.40,35.96,7.94
2022-04-09,45.320,1283.92,69.10,34.39,6.77
2022-04-10,30.818,898.56,67.16,33.61,11.19
2022-04-11,42.373,1180.05,68.78,33.54,7.31
2022-04-12,41.313,1239.11,67.38,34.48,8.07
2022-04-13,40.417,1163.17,68.10,34.08,8.30
2022-04-14,41.797,1242.11,67.79,34.95,7.83
2022-04-15,38.339,1151.94,68.21,35.44,8.45
2022-04-16,41.207,1281.42,67.44,35.71,8.31
2022-04-17,31.397,958.48,67.88,35.44,12.10
2022-04-18,36.406,1143.08,67.26,35.86,10.42
2022-04-19,32.820,1046.97,66.44,36.19,11.81
2022-04-20,42.545,1250.46,68.94,35.25,6.93
2022-04-21,40.639,1182.47,67.60,34.44,9.35
2022-04-22,38.194,1212.32,66.38,35.45,10.45
2022-04-23,31.028,992.97,67.35,36.00,12.62
2022-04-24,29.845,984.55,66.38,36.60,13.32
2022-04-25,32.385,975.07,66.51,33.98,11.82
2022-04-26,32.902,1054.90,67.12,37.01,11.89
2022-04-27,33.621,1031.66,67.26,35.48,11.13
2022-04-28,29.159,908.96,66.55,35.59,13.36
2022-04-29,33.795,963.21,68.44,34.59,11.27
2022-04-30,27.294,799.07,67.49,34.55,14.37
2022-05-01,38.402,1103.08,67.72,33.62,9.71
2022-05-02,22.359,706.81,66.93,36.20,15.04
2022-05-03,38.178,1180.42,67.59,35.68,10.75
2022-05-04,24.481,780.50,67.40,36.59,15.44
2022-05-05,26.450,860.80,67.05,36.68,14.97
2022-05-06,26.166,783.73,66.91,34.75,13.91
2022-05-07,32.240,1017.15,66.12,34.93,12.53
2022-05-08,29.338,918.94,67.87,36.79,13.82
2022-05-09,23.818,706.62,67.41,34.61,14.95
2022-05-10,26.733,889.67,66.08,36.54,14.37
2022-05-11,26.977,848.42,66.61,35.39,13.69
2022-05-12,25.506,768.26,67.16,34.63,16.25
2022-05-13,28.662,904.42,67.54,36.50,13.76
2022-05-14,27.023,809.53,66.99,34.37,15.95
2022-05-15,24.160,723.03,67.07,35.18,16.53
2022-05-16,26.323,760.85,67.90,34.57,13.67
2022-05-17,24.546,793.84,67.30,37.44,16.03
2022-05-18,24.171,775.85,67.08,36.44,15.67
2022-05-19,25.631,782.41,67.04,35.72,15.36
2022-05-20,25.991,834.34,66.70,36.18,16.78
2022-05-21,26.053,788.77,67.05,34.61,17.94
2022-05-22,26.907,824.21,67.22,35.65,17.02
2022-05-23,23.641,737.00,66.97,35.77,17.31
2022-05-24,23.623,750.99,66.56,35.82,17.17
2022-05-25,24.392,790.08,67.39,37.46,17.11
2022-05-26,25.240,781.00,67.06,34.96,18.18
2022-05-27,24.665,735.40,67.01,33.95,17.37
2022-05-28,24.213,745.82,67.32,36.09,15.76
2022-05-29,25.214,779.33,67.17,35.64,15.32
2022-05-30,24.393,763.73,67.21,36.40,18.12
2022-05-31,26.220,806.67,67.07,35.77,18.86
2022-06-01,25.090,766.76,67.75,36.20,16.65
2022-06-02,25.900,887.34,66.00,37.32,20.85
2022-06-03,26.468,889.62,67.14,37.72,21.98
2022-06-04,24.322,781.96,67.82,38.22,18.03
2022-06-05,26.497,864.62,66.87,36.75,17.35
2022-06-06,24.369,775.07,67.62,36.77,16.67
2022-06-07,25.957,847.34,66.91,36.82,18.06
2022-06-08,26.216,815.05,67.40,36.21,16.13
2022-06-09,27.557,879.67,67.02,36.07,17.32
2022-06-10,28.425,848.77,66.96,34.27,17.52
2022-06-11,23.953,715.27,67.39,34.77,17.17
2022-06-12,23.722,725.48,66.55,35.56,18.74
2022-06-13,25.943,828.97,66.89,36.22,16.26
2022-06-14,23.841,791.56,66.81,36.79,21.95
2022-06-15,25.143,788.62,67.74,36.74,16.54
2022-06-16,25.252,839.05,66.31,36.83,20.83
2022-06-17,25.467,842.48,65.96,36.49,19.92
2022-06-18,24.577,818.49,67.03,37.49,20.08
2022-06-19,26.807,863.73,67.32,36.97,19.45
2022-06-20,25.359,873.22,66.64,37.91,23.18
2022-06-21,23.724,779.49,67.17,37.56,18.56
2022-06-22,25.317,810.25,66.83,36.37,17.82
2022-06-23,24.933,814.81,66.53,36.64,16.29
2022-06-24,26.549,837.00,66.94,35.87,22.03
2022-06-25,26.850,920.63,66.95,38.44,19.72
2022-06-26,24.787,834.76,66.56,38.27,23.24
2022-06-27,23.654,773.75,67.17,37.98,19.90
2022-06-28,26.158,829.70,66.59,35.85,18.43
2022-06-29,23.772,738.37,67.02,34.87,16.75
2022-06-30,24.296,753.90,66.77,35.38,20.89
2022-07-01,27.607,878.73,67.19,36.78,17.92
2022-07-02,22.075,729.28,67.05,36.98,20.51
2022-07-03,24.593,721.17,68.05,34.77,16.52
2022-07-04,24.931,743.77,67.65,35.09,18.98
2022-07-05,24.242,762.97,66.98,36.12,18.79
2022-07-06,24.545,784.54,67.18,36.83,21.27
2022-07-07,24.490,836.16,66.56,38.10,19.98
2022-07-08,24.937,785.39,66.27,35.67,20.00
2022-07-09,23.761,726.34,67.88,36.25,21.15
2022-07-10,26.522,848.54,66.55,36.43,17.41
2022-07-11,23.322,706.19,68.07,35.76,21.30
2022-07-12,27.075,884.58,65.82,36.09,21.71
2022-07-13,27.650,883.08,66.75,35.40,19.10
2022-07-14,22.551,699.07,68.16,36.30,18.85
2022-07-15,25.959,837.10,66.89,36.09,19.26
2022-07-16,25.370,796.96,67.39,36.07,21.31
2022-07-17,24.625,732.73,67.33,34.93,16.80
2022-07-18,23.674,820.00,66.90,38.58,20.76
2022-07-19,25.837,882.76,66.21,37.20,19.15
2022-07-20,25.292,807.51,67.09,36.25,18.20
2022-07-21,23.791,747.28,68.08,36.93,17.96
2022-07-22,25.584,924.46,65.59,38.54,17.88
2022-07-23,25.015,791.59,66.77,35.32,17.27
2022-07-24,23.615,711.30,66.74,34.47,18.57
2022-07-25,23.240,758.65,67.47,37.37,18.21
2022-07-26,23.026,759.16,66.80,37.37,18.69
2022-07-27,25.114,807.58,67.40,37.23,20.46
2022-07-28,24.013,772.75,67.39,36.69,17.55
2022-07-29,26.940,852.67,66.29,35.31,17.39
2022-07-30,28.259,903.58,67.41,36.59,18.00
2022-07-31,24.437,770.64,68.21,36.71,20.49
2022-08-01,25.752,826.55,65.93,35.18,16.60
2022-08-02,25.200,756.51,67.33,34.86,17.71
2022-08-03,24.429,759.37,66.64,35.80,17.01
2022-08-04,25.134,786.62,67.39,35.53,15.74
2022-08-05,24.647,732.32,67.86,35.50,18.33
2022-08-06,23.871,726.56,67.55,35.36,19.29
2022-08-07,24.717,815.00,66.58,36.78,16.29
2022-08-08,25.357,766.34,67.96,35.85,16.59
2022-08-09,24.538,756.08,66.46,35.52,16.77
2022-08-10,28.253,847.32,66.56,34.67,13.75
2022-08-11,25.966,831.07,67.29,36.72,17.01
2022-08-12,23.676,754.21,66.83,36.72,15.90
2022-08-13,31.979,994.92,67.16,35.18,12.85
2022-08-14,24.295,794.68,67.03,37.61,16.81
2022-08-15,23.421,728.88,67.13,35.21,17.33
2022-08-16,27.387,822.08,66.55,33.78,13.88
2022-08-17,24.099,761.58,66.90,35.80,15.75
2022-08-18,22.853,771.98,67.31,38.25,17.85
2022-08-19,25.602,804.79,67.35,36.29,15.97
2022-08-20,29.225,960.02,66.88,36.84,12.91
2022-08-21,23.195,719.39,67.05,35.21,17.61
2022-08-22,24.973,808.59,67.23,36.89,14.75
2022-08-23,27.252,824.12,66.94,35.57,15.74
2022-08-24,28.677,885.74,66.73,35.14,13.19
2022-08-25,33.409,1056.90,66.33,35.48,12.63
2022-08-26,24.817,781.16,68.45,37.39,15.09
2022-08-27,27.697,869.00,66.91,35.53,14.47
2022-08-28,27.468,831.37,67.27,35.27,14.34
2022-08-29,32.789,988.79,67.08,34.37,11.79
2022-08-30,27.456,871.20,67.72,37.32,13.88
2022-08-31,35.177,1144.26,65.93,35.57,11.22
2022-09-01,30.782,985.20,67.05,36.13,12.66
2022-09-02,25.662,774.37,67.31,35.57,17.49
2022-09-03,31.360,978.98,67.16,35.53,13.14
2022-09-04,30.196,935.49,66.76,35.40,12.68
2022-09-05,31.789,1056.74,66.34,36.59,12.50
2022-09-06,26.212,772.06,66.83,33.53,14.03
2022-09-07,39.460,1191.63,66.72,34.00,9.46
2022-09-08,30.775,964.17,68.04,37.22,12.82
2022-09-09,39.444,1184.65,67.94,35.00,9.23
2022-09-10,32.494,1034.06,67.28,36.32,11.83
2022-09-11,41.359,1306.30,67.00,35.60,9.16
2022-09-12,35.760,1065.75,68.14,35.44,10.12
2022-09-13,28.225,917.30,67.40,37.70,13.02
2022-09-14,36.765,1089.76,68.14,34.39,10.88
2022-09-15,38.643,1151.81,68.08,35.52,9.87
2022-09-16,30.487,950.76,66.76,35.44,12.39
2022-09-17,28.487,850.42,67.30,35.87,13.59
2022-09-18,37.434,1121.92,67.37,34.54,9.20
2022-09-19,38.623,1196.68,66.40,35.22,9.46
2022-09-20,40.321,1254.68,67.21,35.38,9.56
2022-09-21,41.056,1246.62,68.60,36.26,8.47
2022-09-22,33.278,981.13,66.90,34.45,10.28
2022-09-23,48.603,1308.75,69.34,34.05,6.01
2022-09-24,46.104,1393.30,67.61,35.82,7.57
2022-09-25,41.217,1361.38,67.35,37.32,9.25
2022-09-26,39.132,1195.54,67.32,35.72,8.51
2022-09-27,35.369,1073.75,66.41,34.87,10.10
2022-09-28,40.946,1201.01,68.57,34.94,8.28
2022-09-29,50.282,1361.41,71.23,35.55,4.42
2022-09-30,47.172,1371.02,68.95,35.19,5.94
2022-10-01,53.749,1414.30,70.02,32.73,2.48
2022-10-02,44.440,1317.86,68.20,35.33,7.83
2022-10-03,50.969,1390.60,70.40,34.31,5.08
2022-10-04,50.792,1367.64,70.54,34.26,3.68
2022-10-05,41.441,1151.71,69.17,34.52,7.89
2022-10-06,46.172,1268.88,70.08,35.48,6.18
2022-10-07,47.952,1319.23,70.39,34.96,5.35
2022-10-08,43.867,1290.99,68.15,34.68,7.84
2022-10-09,56.833,1514.84,70.82,33.92,2.81
2022-10-10,53.544,1451.45,71.19,35.01,3.66
2022-10-11,55.202,1471.87,71.97,35.60,2.94
2022-10-12,51.342,1457.68,69.62,35.45,5.93
2022-10-13,48.259,1316.32,69.41,33.84,4.97
2022-10-14,52.838,1367.82,71.70,34.59,2.12
2022-10-15,59.936,1588.85,72.05,35.26,2.50
2022-10-16,58.145,1484.50,71.67,33.49,1.86
2022-10-17,53.236,1394.46,70.84,32.75,4.13
2022-10-18,54.879,1423.95,71.46,33.72,2.63
2022-10-19,51.150,1362.85,71.31,36.03,2.78
2022-10-20,53.638,1386.76,71.98,33.83,2.74
2022-10-21,53.348,1450.93,71.61,35.31,2.85
2022-10-22,62.482,1600.58,72.81,34.19,-0.03
2022-10-23,46.839,1310.04,69.95,34.82,5.40
2022-10-24,63.425,1603.72,72.27,33.50,1.08
2022-10-25,65.553,1596.09,73.48,33.88,-1.54
2022-10-26,54.560,1369.67,71.90,33.39,1.41
2022-10-27,59.562,1519.85,72.90,34.04,1.76
2022-10-28,60.461,1467.92,72.28,31.99,0.68
2022-10-29,61.346,1564.75,72.36,35.08,1.40
2022-10-30,66.412,1599.02,74.86,33.54,-1.37
2022-10-31,61.602,1504.80,73.44,33.71,-0.46
2022-11-01,62.609,1514.06,72.76,31.89,1.32
2022-11-02,72.280,1703.91,75.10,33.17,-3.61
2022-11-03,62.241,1604.05,72.34,34.11,1.27
2022-11-04,74.436,1680.41,77.64,34.26,-4.53
2022-11-05,56.974,1438.34,72.64,34.16,0.17
2022-11-06,63.080,1532.20,74.05,33.64,-0.68
2022-11-07,58.575,1485.33,72.70,34.25,1.32
2022-11-08,74.054,1667.55,74.87,32.21,-3.34
2022-11-09,73.838,1790.87,73.91,33.91,-3.31
2022-11-10,66.672,1632.44,73.81,33.95,-1.46
2022-11-11,59.973,1551.91,72.95,34.81,-0.16
2022-11-12,63.980,1566.51,74.83,33.82,-1.11
2022-11-13,70.559,1622.73,75.39,33.03,-4.07
2022-11-14,75.226,1707.63,75.42,33.13,-3.26
2022-11-15,75.206,1773.87,75.64,34.65,-4.27
2022-11-16,64.438,1609.90,74.29,34.68,-0.43
2022-11-17,68.751,1666.79,74.78,34.39,-2.63
2022-11-18,63.839,1542.75,73.63,32.87,-2.36
2022-11-19,70.556,1663.62,75.68,34.10,-3.25
2022-11-20,77.088,1718.28,76.59,33.16,-6.63
2022-11-21,64.654,1576.69,73.88,34.56,-1.36
2022-11-22,65.796,1467.40,76.07,32.62,-2.72
2022-11-23,75.060,1795.34,75.23,34.38,-3.36
2022-11-24,80.655,1788.22,76.59,32.44,-5.33
2022-11-25,57.678,1464.77,72.68,34.13,1.25
2022-11-26,75.041,1751.42,75.16,33.40,-3.68
2022-11-27,85.230,1957.93,76.64,34.67,-6.10
2022-11-28,75.288,1687.80,76.36,33.87,-4.66
2022-11-29,85.795,1853.27,77.75,32.23,-6.94
2022-11-30,68.012,1471.38,75.75,31.85,-4.31
2022-12-01,63.866,1554.21,74.64,34.92,-1.33
2022-12-02,73.428,1687.46,75.95,33.04,-4.40
2022-12-03,74.652,1666.86,76.28,32.58,-5.25
2022-12-04,77.221,1717.14,76.24,33.18,-5.63
2022-12-05,70.842,1717.67,74.47,34.05,-3.59
2022-12-06,77.223,1671.53,77.91,32.13,-6.52
2022-12-07,73.966,1710.96,76.19,33.47,-5.03
2022-12-08,80.777,1749.72,78.83,32.72,-8.61
2022-12-09,77.756,1791.36,76.61,33.50,-5.28
2022-12-10,83.862,1904.98,76.78,33.95,-6.48
2022-12-11,73.292,1631.53,76.62,32.92,-6.33
2022-12-12,72.610,1683.64,76.37,34.71,-4.33
2022-12-13,74.060,1639.97,78.03,34.14,-6.30
2022-12-14,77.420,1637.29,78.21,32.49,-7.24
2022-12-15,71.052,1627.37,75.69,33.90,-4.94
2022-12-16,77.210,1788.34,76.15,33.72,-4.99
2022-12-17,78.242,1692.05,76.97,31.87,-5.54
2022-12-18,69.466,1559.00,75.97,32.86,-4.20
2022-12-19,68.634,1759.17,73.29,34.95,-0.54
2022-12-20,76.351,1706.81,77.59,33.39,-7.03
2022-12-21,85.390,1888.16,76.85,33.28,-7.72
2022-12-22,84.276,1821.27,78.37,33.95,-8.57
2022-12-23,75.969,1792.77,76.98,34.96,-5.48
2022-12-24,66.719,1605.95,75.04,34.33,-3.39
2022-12-25,78.178,1750.21,77.56,33.81,-5.90
2022-12-26,84.804,1817.05,78.87,33.10,-9.85
2022-12-27,79.393,1749.28,77.39,33.51,-7.59
2022-12-28,84.393,1801.62,78.92,33.07,-8.56
2022-12-29,81.789,1817.50,77.98,33.66,-7.18
2022-12-30,75.072,1745.49,75.20,33.01,-3.54
2022-12-31,71.796,1653.20,75.44,33.28,-4.88
2023-01-01,73.583,1568.33,76.34,31.53,-4.51
2023-01-02,68.248,1422.03,76.56,30.08,-5.18
2023-01-03,79.601,1617.53,78.46,30.62,-8.38
2023-01-04,78.150,1610.20,77.96,30.00,-7.34
2023-01-05,80.879,1670.66,78.31,30.95,-7.47
2023-01-06,78.671,1656.96,75.27,29.13,-5.40
2023-01-07,73.267,1530.63,76.31,30.09,-5.12
2023-01-08,82.881,1768.32,76.86,30.96,-6.89
2023-01-09,72.160,1469.67,75.66,28.79,-3.89
2023-01-10,83.842,1726.05,77.95,30.04,-7.58
2023-01-11,80.887,1704.34,77.11,30.31,-6.54
2023-01-12,67.954,1563.11,73.88,30.81,-3.05
2023-01-13,74.278,1556.73,77.63,31.59,-4.56
2023-01-14,80.655,1723.17,76.52,31.35,-6.22
2023-01-15,84.430,1673.73,78.19,28.89,-7.16
2023-01-16,76.429,1599.52,76.50,30.25,-5.19
2023-01-17,73.865,1524.46,76.69,28.59,-6.63
2023-01-18,79.888,1615.65,77.77,28.42,-8.03
2023-01-19,71.786,1544.23,75.15,29.37,-4.17
2023-01-20,86.734,1691.13,78.06,29.10,-6.72
2023-01-21,72.044,1493.63,77.13,29.56,-6.11
2023-01-22,70.897,1547.32,76.12,31.13,-4.58
2023-01-23,74.364,1585.61,74.95,29.55,-4.94
2023-01-24,71.058,1482.19,76.47,30.94,-2.50
2023-01-25,68.511,1510.48,75.33,30.95,-3.85
2023-01-26,67.096,1444.49,74.76,29.20,-2.77
2023-01-27,82.528,1729.29,77.67,30.23,-7.50
2023-01-28,72.334,1535.65,75.40,29.47,-3.74
2023-01-29,75.484,1549.55,76.91,29.30,-5.74
2023-01-30,71.146,1524.09,76.21,30.90,-3.54
2023-01-31,71.917,1584.69,75.35,31.93,-3.22
2023-02-01,75.112,1492.42,77.72,28.77,-6.48
2023-02-02,68.534,1424.38,75.97,29.24,-4.82
2023-02-03,78.852,1599.81,77.63,29.20,-5.52
2023-02-04,69.478,1543.20,74.57,30.45,-3.06
2023-02-05,65.673,1383.97,75.48,28.67,-3.62
2023-02-06,74.274,1599.38,75.00,29.82,-4.62
2023-02-07,77.047,1659.30,75.75,29.80,-4.54
2023-02-08,73.063,1522.28,76.83,28.71,-5.21
2023-02-09,72.681,1637.50,74.93,31.22,-2.87
2023-02-10,76.629,1648.38,76.24,30.76,-4.55
2023-02-11,66.274,1534.10,74.25,31.70,-1.72
2023-02-12,64.754,1491.37,74.15,30.11,-0.62
2023-02-13,64.047,1378.57,73.82,29.23,-1.38
2023-02-14,61.231,1313.54,74.85,30.23,-1.90
2023-02-15,75.059,1615.19,75.94,31.29,-2.57
2023-02-16,66.967,1456.17,74.62,30.50,-1.61
2023-02-17,74.407,1597.11,75.12,30.34,-3.39
2023-02-18,71.001,1535.18,74.85,30.22,-2.49
2023-02-19,65.404,1403.24,75.00,30.18,-2.92
2023-02-20,74.367,1663.46,75.07,30.87,-2.08
2023-02-21,65.247,1508.45,73.29,30.84,-1.19
2023-02-22,61.955,1376.22,73.63,29.64,-0.20
2023-02-23,65.572,1543.89,72.32,31.48,0.23
2023-02-24,61.859,1529.88,71.57,31.92,1.42
2023-02-25,73.597,1635.23,74.48,30.03,-3.27
2023-02-26,63.996,1455.09,74.30,30.81,-0.49
2023-02-27,59.490,1447.04,71.96,31.12,0.98
2023-02-28,63.647,1455.25,72.44,29.95,0.93
2023-03-01,60.785,1401.06,72.50,30.32,0.61
2023-03-02,59.147,1438.91,72.74,32.35,0.58
2023-03-03,62.618,1477.13,72.31,30.30,0.94
2023-03-04,66.357,1490.58,74.44,30.44,-1.33
2023-03-05,59.475,1425.48,72.47,30.65,1.17
2023-03-06,52.443,1361.47,70.05,32.58,3.46
2023-03-07,59.716,1411.76,72.39,30.37,0.72
2023-03-08,63.614,1623.10,72.44,33.21,0.25
2023-03-09,53.820,1323.38,71.59,31.93,2.43
2023-03-10,64.006,1420.11,73.80,29.87,0.47
2023-03-11,53.043,1279.28,71.48,30.91,2.75
2023-03-12,52.204,1232.14,70.84,29.48,3.89
2023-03-13,50.865,1310.31,69.78,32.23,4.79
2023-03-14,52.685,1219.08,71.44,30.29,3.63
2023-03-15,61.088,1379.29,75.10,31.85,-1.19
2023-03-16,58.922,1391.33,72.23,31.64,1.39
2023-03-17,45.016,1147.71,70.34,31.93,5.90
2023-03-18,49.844,1245.76,70.53,30.56,4.78
2023-03-19,53.348,1327.33,70.49,31.39,4.96
2023-03-20,50.605,1274.28,70.36,31.30,4.06
2023-03-21,48.896,1244.40,69.36,30.97,5.14
2023-03-22,45.870,1157.61,70.06,31.23,6.28
2023-03-23,58.235,1420.68,71.50,31.44,3.40
2023-03-24,60.436,1374.83,72.50,30.30,0.67
2023-03-25,50.069,1242.55,69.86,30.74,5.57
2023-03-26,49.620,1189.59,70.61,30.22,4.76
2023-03-27,48.111,1291.94,68.75,32.26,4.85
2023-03-28,43.687,1184.70,68.38,32.11,7.48
2023-03-29,44.196,1154.64,68.86,32.23,7.38
2023-03-30,48.026,1260.47,69.50,31.88,6.41
2023-03-31,46.377,1190.47,69.03,31.22,5.87
2023-04-01,51.135,1266.91,71.92,31.99,4.27
2023-04-02,46.190,1175.16,69.62,30.99,5.76
2023-04-03,43.936,1128.53,68.73,31.76,7.22
2023-04-04,54.274,1348.47,70.60,30.94,4.98
2023-04-05,38.227,1073.06,67.31,32.56,9.77
2023-04-06,41.117,1112.92,67.95,32.01,8.64
2023-04-07,46.300,1224.99,68.79,30.89,7.99
2023-04-08,42.218,1117.84,68.49,31.84,8.29
2023-04-09,47.626,1169.76,69.19,30.17,7.12
2023-04-10,33.519,935.60,68.19,32.53,11.54
2023-04-11,47.039,1236.93,68.88,31.99,7.66
2023-04-12,39.782,1096.24,67.88,31.55,8.42
2023-04-13,43.385,1183.73,68.31,32.03,8.65
2023-04-14,42.536,1140.10,68.43,32.16,8.18
2023-04-15,41.305,1177.24,67.67,33.10,8.80
2023-04-16,44.121,1223.07,67.89,32.50,8.66
2023-04-17,30.560,888.46,66.82,33.31,12.45
2023-04-18,35.328,1067.45,67.25,34.74,10.77
2023-04-19,35.349,980.11,67.25,31.84,12.16
2023-04-20,45.069,1125.41,69.58,30.80,7.28
2023-04-21,39.892,1151.44,67.36,32.82,9.70
2023-04-22,35.881,1011.99,66.83,32.28,10.80
2023-04-23,29.136,862.05,66.83,34.05,12.97
2023-04-24,29.791,884.03,65.71,32.08,13.67
2023-04-25,33.794,932.43,67.76,31.12,12.17
2023-04-26,32.017,876.56,66.61,32.04,12.24
2023-04-27,33.326,921.27,67.52,32.78,11.48
2023-04-28,30.286,816.81,67.29,31.49,13.71
2023-04-29,34.103,956.94,67.10,32.26,11.62
2023-04-30,26.173,785.33,66.43,33.86,14.72
2023-05-01,37.320,1056.14,67.77,32.98,10.06
2023-05-02,26.836,730.55,67.40,31.23,15.39
2023-05-03,33.826,932.71,67.95,33.02,11.10
2023-05-04,26.286,755.86,66.43,32.38,15.79
2023-05-05,26.028,777.91,66.80,33.98,15.32
2023-05-06,27.747,812.03,67.64,33.16,14.26
2023-05-07,30.483,868.45,66.03,31.90,12.88
2023-05-08,28.175,798.82,67.78,33.46,14.17
2023-05-09,25.896,737.12,67.40,33.68,15.30
2023-05-10,23.714,678.24,66.88,32.17,14.72
2023-05-11,27.433,806.94,65.61,32.58,14.04
2023-05-12,25.991,728.99,67.31,33.18,16.60
2023-05-13,27.788,800.00,66.88,33.03,14.11
2023-05-14,25.400,758.77,66.87,33.70,16.30
2023-05-15,22.443,657.00,65.65,32.12,16.88
2023-05-16,28.695,847.22,67.11,34.64,14.02
2023-05-17,25.644,724.67,67.31,33.22,16.38
2023-05-18,26.979,766.35,67.73,33.69,16.02
2023-05-19,25.427,750.45,67.64,34.71,15.71
2023-05-20,24.588,722.06,67.56,34.05,17.13
2023-05-21,24.043,696.10,66.41,33.19,18.29
2023-05-22,23.599,721.13,66.90,33.99,17.37
2023-05-23,25.108,719.09,67.06,32.81,17.66
2023-05-24,25.995,745.53,66.69,33.28,17.52
2023-05-25,25.587,731.14,66.70,32.77,17.46
2023-05-26,24.530,710.28,67.99,35.32,18.53
2023-05-27,27.271,793.35,67.09,33.25,17.72
2023-05-28,22.093,625.93,67.41,32.55,16.11
2023-05-29,25.262,713.93,67.20,32.83,15.67
2023-05-30,25.057,741.86,67.28,34.05,18.47
2023-05-31,25.597,742.31,66.93,32.94,19.21
2023-06-01,26.327,775.60,66.87,33.74,17.00
2023-06-02,24.832,723.40,66.64,32.49,21.20
2023-06-03,25.691,758.71,66.89,33.42,22.33
2023-06-04,23.365,673.65,67.05,33.65,18.38
2023-06-05,28.106,824.36,66.82,33.50,17.70
2023-06-06,24.577,700.95,66.40,32.85,17.02
2023-06-07,26.190,755.58,67.28,33.27,18.41
2023-06-08,23.935,666.71,67.25,32.25,16.48
2023-06-09,27.262,806.43,66.90,33.90,17.67
2023-06-10,25.971,757.83,66.59,33.41,17.87
2023-06-11,25.643,688.71,67.38,31.30,17.52
2023-06-12,26.233,779.87,66.68,33.99,19.09
2023-06-13,22.679,657.33,66.53,32.46,16.61
2023-06-14,24.239,723.38,66.56,33.75,22.30
2023-06-15,25.572,740.92,67.15,33.52,16.89
2023-06-16,24.679,733.77,67.28,34.18,21.18
2023-06-17,23.159,670.41,66.43,32.67,20.27
2023-06-18,24.739,698.31,67.53,33.04,20.43
2023-06-19,24.607,700.82,66.86,32.63,19.80
2023-06-20,26.010,763.30,67.45,34.37,23.53
2023-06-21,26.438,693.94,68.37,31.37,18.91
2023-06-22,23.490,671.71,66.61,32.50,18.17
2023-06-23,24.767,690.43,67.46,32.24,16.64
2023-06-24,24.325,721.57,66.88,33.38,22.38
2023-06-25,24.915,736.69,67.22,33.99,20.07
2023-06-26,24.063,721.55,67.54,34.64,23.59
2023-06-27,27.206,762.72,66.88,32.26,20.25
2023-06-28,24.440,751.86,66.52,34.29,18.78
2023-06-29,24.267,752.84,66.57,34.73,17.10
2023-06-30,25.307,749.04,67.21,34.34,21.24
2023-07-01,25.533,745.99,66.99,34.00,18.27
2023-07-02,25.767,739.15,67.51,33.57,20.86
2023-07-03,23.631,675.08,67.19,33.05,16.87
2023-07-04,23.602,650.44,67.50,31.85,19.33
2023-07-05,25.373,744.73,68.04,34.68,19.14
2023-07-06,23.389,680.10,66.73,32.63,21.62
2023-07-07,24.037,669.96,67.82,33.23,20.33
2023-07-08,26.127,825.22,67.12,36.23,20.35
2023-07-09,25.782,754.22,67.28,34.15,21.50
2023-07-10,25.716,699.94,68.29,32.94,17.76
2023-07-11,26.098,765.88,66.52,33.31,21.65
2023-07-12,24.052,720.92,66.98,34.31,22.06
2023-07-13,25.692,717.93,67.79,32.70,19.45
2023-07-14,24.113,707.86,67.51,34.84,19.20
2023-07-15,24.315,729.24,66.26,33.88,19.61
2023-07-16,24.668,727.28,67.74,33.99,21.66
2023-07-17,26.426,787.57,67.03,34.06,17.15
2023-07-18,25.811,757.37,66.54,33.19,21.11
2023-07-19,24.972,748.29,67.15,34.50,19.50
2023-07-20,23.637,677.20,66.93,32.83,18.55
2023-07-21,24.305,675.85,67.34,32.30,18.31
2023-07-22,23.566,695.38,67.12,34.30,18.23
2023-07-23,23.390,691.33,65.60,32.93,17.62
2023-07-24,25.005,702.92,67.70,32.42,18.92
2023-07-25,25.980,713.77,67.09,31.70,18.56
2023-07-26,25.995,713.12,67.23,31.83,19.04
2023-07-27,26.124,752.01,67.08,33.17,20.81
2023-07-28,25.441,686.71,67.67,32.55,17.90
2023-07-29,23.964,690.21,67.66,33.22,17.74
2023-07-30,24.531,725.05,67.43,34.67,18.35
2023-07-31,24.396,728.84,66.97,33.95,20.84
2023-08-01,23.552,679.26,67.54,33.01,16.95
2023-08-02,25.370,755.95,66.60,32.85,18.06
2023-08-03,24.356,717.14,67.18,33.83,17.36
2023-08-04,25.357,709.69,67.82,32.89,16.09
2023-08-05,26.461,808.09,66.90,34.43,18.68
2023-08-06,23.320,653.79,68.11,32.83,19.64
2023-08-07,25.003,711.71,66.93,32.92,16.64
2023-08-08,26.312,736.12,67.68,32.48,16.94
2023-08-09,25.402,694.36,66.85,31.42,17.12
2023-08-10,26.782,799.33,67.25,33.95,14.10
2023-08-11,24.451,697.50,66.30,32.26,17.36
2023-08-12,25.708,745.31,66.89,33.61,16.25
2023-08-13,29.722,808.29,66.91,31.30,13.20
2023-08-14,26.491,802.21,66.89,34.05,17.16
2023-08-15,24.638,667.71,67.05,31.72,17.68
2023-08-16,25.441,752.21,66.90,34.11,14.23
2023-08-17,23.893,693.34,65.78,31.24,16.10
2023-08-18,25.449,716.55,67.63,33.26,18.20
2023-08-19,24.729,754.77,66.78,34.14,16.32
2023-08-20,28.087,814.49,66.47,32.34,13.26
2023-08-21,24.514,691.43,67.47,33.49,17.96
2023-08-22,26.842,767.90,67.24,32.44,15.10
2023-08-23,25.655,791.79,66.52,34.49,16.09
2023-08-24,27.949,776.80,68.05,33.00,13.54
2023-08-25,29.611,857.01,66.97,33.31,12.98
2023-08-26,24.741,707.35,67.61,33.32,15.44
2023-08-27,25.385,726.54,67.59,32.74,14.82
2023-08-28,24.336,663.41,66.56,30.91,14.69
2023-08-29,32.201,928.08,66.82,32.86,12.14
2023-08-30,27.426,783.92,67.18,33.02,14.23
2023-08-31,33.934,974.13,66.47,32.87,11.57
2023-09-01,29.807,823.61,66.87,31.31,13.01
2023-09-02,25.021,729.57,66.93,33.36,17.84
2023-09-03,27.661,762.84,66.48,31.39,13.49
2023-09-04,30.592,882.24,66.48,32.50,13.03
2023-09-05,32.214,891.91,67.03,31.52,12.85
2023-09-06,26.250,729.59,67.32,32.59,14.38
2023-09-07,37.161,991.08,66.73,30.11,9.81
2023-09-08,26.682,745.07,67.17,31.99,13.17
2023-09-09,38.177,1087.81,67.37,32.95,9.58
2023-09-10,31.811,884.08,67.29,31.67,12.18
2023-09-11,38.115,1062.59,66.83,31.68,9.51
2023-09-12,36.956,1074.19,66.54,33.15,10.47
2023-09-13,29.570,810.93,68.52,33.58,13.37
2023-09-14,34.216,982.90,67.07,32.94,11.23
2023-09-15,37.089,1082.06,66.78,33.45,10.22
2023-09-16,29.575,855.87,67.88,33.30,12.74
2023-09-17,27.807,770.26,67.36,32.44,13.94
2023-09-18,39.701,1115.38,66.21,31.53,9.55
2023-09-19,36.135,1017.64,67.08,31.82,9.81
2023-09-20,38.171,1063.88,65.70,31.47,9.91
2023-09-21,37.735,1022.29,67.55,32.17,8.82
2023-09-22,34.106,943.82,67.21,31.12,10.63
2023-09-23,43.670,1184.07,69.30,33.17,6.36
2023-09-24,42.053,1066.85,68.50,30.18,7.92
2023-09-25,39.095,1069.29,68.03,32.30,9.60
2023-09-26,40.296,1064.64,67.65,31.00,8.86
2023-09-27,37.827,1043.80,67.86,32.61,10.45
2023-09-28,38.628,1037.67,67.39,30.53,8.63
2023-09-29,50.752,1255.98,70.65,30.78,4.77
2023-09-30,45.623,1196.69,69.27,31.90,6.29
2023-10-01,57.411,1455.20,71.17,32.38,2.83
2023-10-02,42.568,1109.22,68.15,30.84,8.18
2023-10-03,47.845,1179.31,70.04,30.35,5.43
2023-10-04,51.641,1298.44,71.32,32.52,4.03
2023-10-05,40.923,1118.29,67.88,32.21,8.24
2023-10-06,44.300,1172.24,69.89,33.11,6.53
2023-10-07,46.748,1143.35,69.43,29.99,5.70
2023-10-08,42.662,1181.03,67.68,32.34,8.19
2023-10-09,54.863,1319.33,71.78,31.66,3.16
2023-10-10,53.975,1398.59,70.13,32.62,4.01
2023-10-11,58.645,1482.76,70.89,32.57,3.29
2023-10-12,43.856,1136.75,68.66,30.86,6.28
2023-10-13,52.218,1243.76,70.92,30.19,5.32
2023-10-14,56.629,1406.27,71.42,31.88,2.47
2023-10-15,53.067,1289.04,71.95,32.39,2.85
2023-10-16,57.218,1313.47,73.01,29.45,2.21
2023-10-17,48.991,1230.85,69.85,30.69,4.48
2023-10-18,60.993,1476.64,70.76,29.62,2.98
2023-10-19,56.589,1373.76,71.02,30.28,3.13
2023-10-20,60.180,1415.82,71.01,29.20,3.09
2023-10-21,57.554,1429.96,70.89,31.17,3.20
2023-10-22,64.803,1481.88,74.48,31.13,0.32
2023-10-23,48.821,1263.19,69.36,31.99,5.75
2023-10-24,57.415,1363.15,72.99,31.42,1.43
2023-10-25,64.726,1479.14,73.51,30.95,-1.19
2023-10-26,55.819,1398.05,71.67,32.42,1.76
2023-10-27,58.385,1439.57,70.96,31.59,2.11
2023-10-28,57.211,1301.67,72.53,29.12,1.03
2023-10-29,59.539,1460.34,72.34,32.15,1.75
2023-10-30,69.980,1622.31,73.39,30.69,-1.02
2023-10-31,65.449,1591.27,72.80,32.10,-0.11
2023-11-01,55.436,1305.01,72.47,30.44,1.67
2023-11-02,71.949,1529.42,74.67,28.70,-3.26
2023-11-03,59.957,1377.32,72.71,30.57,1.62
2023-11-04,72.285,1526.74,76.46,30.22,-4.18
2023-11-05,62.919,1503.17,72.85,31.70,0.52
2023-11-06,64.256,1439.27,73.37,30.58,-0.33
2023-11-07,59.700,1381.23,72.97,31.18,1.67
2023-11-08,68.179,1512.72,75.23,30.90,-2.99
2023-11-09,74.182,1574.12,74.80,28.95,-2.96
2023-11-10,60.389,1361.14,73.29,30.39,-1.11
2023-11-11,61.461,1497.22,72.47,32.79,0.19
2023-11-12,67.656,1597.17,72.90,31.79,-0.76
2023-11-13,70.575,1543.17,75.59,30.92,-3.72
2023-11-14,71.587,1576.64,74.83,30.18,-2.91
2023-11-15,69.403,1524.98,74.40,29.27,-3.92
2023-11-16,64.396,1469.44,73.83,31.28,-0.08
2023-11-17,64.390,1373.98,75.18,29.92,-2.28
2023-11-18,66.170,1464.35,75.52,30.88,-2.01
2023-11-19,67.252,1439.01,75.61,29.48,-2.90
2023-11-20,80.622,1783.49,76.05,31.39,-6.28
2023-11-21,66.801,1573.39,73.74,30.73,-1.01
2023-11-22,63.050,1403.95,74.44,30.06,-2.37
2023-11-23,66.510,1498.60,74.76,31.16,-3.01
2023-11-24,74.751,1602.00,76.90,31.95,-4.98
2023-11-25,57.576,1358.00,72.36,31.26,1.60
2023-11-26,70.626,1604.31,74.52,31.31,-3.33
2023-11-27,78.708,1713.61,76.20,30.68,-5.75
2023-11-28,70.931,1623.37,74.87,32.37,-4.31
2023-11-29,83.485,1711.54,77.63,29.84,-6.59
2023-11-30,76.329,1645.15,75.90,30.34,-3.96
2023-12-01,64.852,1431.78,73.87,30.05,-0.98
2023-12-02,78.455,1659.11,75.75,29.45,-4.05
2023-12-03,73.292,1514.85,77.54,29.56,-4.90
2023-12-04,73.397,1523.59,77.26,29.91,-5.28
2023-12-05,68.788,1517.74,76.27,31.96,-3.24
2023-12-06,74.807,1569.40,77.80,31.22,-6.17
2023-12-07,73.495,1561.46,76.50,30.59,-4.68
2023-12-08,81.982,1638.80,78.12,28.83,-8.26
2023-12-09,71.083,1519.17,76.03,30.01,-4.93
2023-12-10,81.324,1690.58,76.27,29.32,-6.13
2023-12-11,73.678,1498.30,77.65,30.08,-5.98
2023-12-12,77.901,1642.22,75.72,29.68,-3.98
2023-12-13,74.115,1579.96,75.22,29.82,-5.95
2023-12-14,76.072,1561.07,77.73,28.80,-6.89
2023-12-15,69.979,1499.02,75.11,29.87,-4.59
2023-12-16,68.271,1427.57,76.24,29.55,-4.64
2023-12-17,76.267,1626.17,76.54,30.83,-5.19
2023-12-18,67.850,1492.15,75.80,30.44,-3.85
2023-12-19,62.021,1435.14,73.70,32.10,-0.19
2023-12-20,80.538,1721.47,76.98,30.95,-6.68
2023-12-21,77.125,1588.35,77.98,31.07,-7.37
2023-12-22,81.118,1588.00,78.63,29.05,-8.22
2023-12-23,79.647,1675.80,76.49,29.76,-5.13
2023-12-24,72.130,1510.10,74.66,29.12,-3.04
2023-12-25,75.316,1524.85,78.39,29.73,-5.55
2023-12-26,83.716,1659.95,78.42,29.31,-9.50
2023-12-27,80.174,1663.91,77.22,30.07,-7.24
2023-12-28,87.899,1795.43,78.82,30.95,-8.21
2023-12-29,79.912,1627.07,77.71,30.03,-6.83
2023-12-30,74.381,1590.76,75.65,29.89,-3.19
2023-12-31,74.297,1606.51,75.94,30.15,-4.53
